variant,trace_id,metric_name,n,mean,median,std,min,max,iqr
B,019ffc81bec15ce2cc74b559496dbf3e,answer_relevancy_deepeval,6,1.0,1.0,0.0,1.0,1.0,0.0
B,019ffc81bec15ce2cc74b559496dbf3e,claim_count_contradicted,1,0.0,0.0,,0.0,0.0,0.0
B,019ffc81bec15ce2cc74b559496dbf3e,claim_count_covered,1,0.0,0.0,,0.0,0.0,0.0
B,019ffc81bec15ce2cc74b559496dbf3e,claim_count_partial,1,3.0,3.0,,3.0,3.0,0.0
B,019ffc81bec15ce2cc74b559496dbf3e,claim_count_total,1,7.0,7.0,,7.0,7.0,0.0
B,019ffc81bec15ce2cc74b559496dbf3e,claim_coverage,1,0.2142857142857142,0.2142857142857142,,0.2142857142857142,0.2142857142857142,0.0
B,019ffc81bec15ce2cc74b559496dbf3e,contextual_precision_deepeval,6,0.09157509157509151,0.1098901098901098,0.04486244950152338,0.0,0.1098901098901098,0.0
B,019ffc81bec15ce2cc74b559496dbf3e,contextual_recall_deepeval,6,0.0,0.0,0.0,0.0,0.0,0.0
B,019ffc81bec15ce2cc74b559496dbf3e,contextual_relevancy_deepeval,6,0.331012648858491,0.34025641025641024,0.047314272378283645,0.2535211267605634,0.3766233766233766,0.058102388479100764
B,019ffc81bec15ce2cc74b559496dbf3e,eti_clarity,5,1.0,1.0,0.0,1.0,1.0,0.0
B,019ffc81bec15ce2cc74b559496dbf3e,eti_empathy,5,1.0,1.0,0.0,1.0,1.0,0.0
B,019ffc81bec15ce2cc74b559496dbf3e,eti_quality_assessment,5,0.0,0.0,0.0,0.0,0.0,0.0
B,019ffc81bec15ce2cc74b559496dbf3e,eti_quality_score,6,1.0,1.0,0.0,1.0,1.0,0.0
B,019ffc81bec15ce2cc74b559496dbf3e,eti_relevance,6,1.0,1.0,0.0,1.0,1.0,0.0
B,019ffc81bec15ce2cc74b559496dbf3e,eti_variability,6,1.0,1.0,0.0,1.0,1.0,0.0
B,019ffc81bec15ce2cc74b559496dbf3e,faithfulness_ragas,4,0.8571428571428571,0.8928571428571428,0.15430334996209188,0.6428571428571429,1.0,0.1428571428571428
B,019ffc81bec15ce2cc74b559496dbf3e,hallucination_deepeval,6,0.061887254901960786,0.0625,0.0015009128325877356,0.0588235294117647,0.0625,0.0
B,0f412e21778ac3b3e4de14a81de472e1,answer_relevancy_deepeval,6,1.0,1.0,0.0,1.0,1.0,0.0
B,0f412e21778ac3b3e4de14a81de472e1,claim_count_contradicted,1,0.0,0.0,,0.0,0.0,0.0
B,0f412e21778ac3b3e4de14a81de472e1,claim_count_covered,1,0.0,0.0,,0.0,0.0,0.0
B,0f412e21778ac3b3e4de14a81de472e1,claim_count_partial,1,1.0,1.0,,1.0,1.0,0.0
B,0f412e21778ac3b3e4de14a81de472e1,claim_count_total,1,8.0,8.0,,8.0,8.0,0.0
B,0f412e21778ac3b3e4de14a81de472e1,claim_coverage,1,0.0625,0.0625,,0.0625,0.0625,0.0
B,0f412e21778ac3b3e4de14a81de472e1,contextual_precision_deepeval,6,0.0,0.0,0.0,0.0,0.0,0.0
B,0f412e21778ac3b3e4de14a81de472e1,contextual_recall_deepeval,6,0.08888888888888889,0.1111111111111111,0.0769800358919501,0.0,0.2,0.08333333333333333
B,0f412e21778ac3b3e4de14a81de472e1,contextual_relevancy_deepeval,5,0.46289741448888144,0.4540229885057471,0.026720582635620597,0.4345238095238095,0.5,0.03451170298627931
B,0f412e21778ac3b3e4de14a81de472e1,eti_clarity,4,1.0,1.0,0.0,1.0,1.0,0.0
B,0f412e21778ac3b3e4de14a81de472e1,eti_empathy,4,1.0,1.0,0.0,1.0,1.0,0.0
B,0f412e21778ac3b3e4de14a81de472e1,eti_quality_assessment,6,0.0,0.0,0.0,0.0,0.0,0.0
B,0f412e21778ac3b3e4de14a81de472e1,eti_quality_score,6,1.0,1.0,0.0,1.0,1.0,0.0
B,0f412e21778ac3b3e4de14a81de472e1,eti_relevance,6,1.0,1.0,0.0,1.0,1.0,0.0
B,0f412e21778ac3b3e4de14a81de472e1,eti_variability,5,1.0,1.0,0.0,1.0,1.0,0.0
B,0f412e21778ac3b3e4de14a81de472e1,faithfulness_ragas,4,0.8863636363636364,0.8636363636363636,0.04545454545454548,0.8636363636363636,0.9545454545454546,0.022727272727272707
B,0f412e21778ac3b3e4de14a81de472e1,hallucination_deepeval,6,0.0,0.0,0.0,0.0,0.0,0.0
B,4251b990fdfa955c74cf908de1408217,answer_relevancy_deepeval,6,1.0,1.0,0.0,1.0,1.0,0.0
B,4251b990fdfa955c74cf908de1408217,claim_count_contradicted,1,0.0,0.0,,0.0,0.0,0.0
B,4251b990fdfa955c74cf908de1408217,claim_count_covered,1,3.0,3.0,,3.0,3.0,0.0
B,4251b990fdfa955c74cf908de1408217,claim_count_partial,1,5.0,5.0,,5.0,5.0,0.0
B,4251b990fdfa955c74cf908de1408217,claim_count_total,1,10.0,10.0,,10.0,10.0,0.0
B,4251b990fdfa955c74cf908de1408217,claim_coverage,1,0.55,0.55,,0.55,0.55,0.0
B,4251b990fdfa955c74cf908de1408217,contextual_precision_deepeval,5,0.8454443813267343,0.8693614902254609,0.05348028132281777,0.749775945731828,0.8693614902254609,0.0
B,4251b990fdfa955c74cf908de1408217,contextual_recall_deepeval,6,0.38751526251526247,0.40064102564102566,0.03582174435119268,0.3333333333333333,0.4166666666666667,0.052655677655677746
B,4251b990fdfa955c74cf908de1408217,contextual_relevancy_deepeval,6,0.9496470265757561,0.9498433693003829,0.008918486056018395,0.9371428571428572,0.9617486338797814,0.010772613670316566
B,4251b990fdfa955c74cf908de1408217,eti_clarity,3,1.0,1.0,0.0,1.0,1.0,0.0
B,4251b990fdfa955c74cf908de1408217,eti_empathy,5,1.0,1.0,0.0,1.0,1.0,0.0
B,4251b990fdfa955c74cf908de1408217,eti_quality_assessment,5,0.0,0.0,0.0,0.0,0.0,0.0
B,4251b990fdfa955c74cf908de1408217,eti_quality_score,4,1.0,1.0,0.0,1.0,1.0,0.0
B,4251b990fdfa955c74cf908de1408217,eti_relevance,5,1.0,1.0,0.0,1.0,1.0,0.0
B,4251b990fdfa955c74cf908de1408217,eti_variability,5,1.0,1.0,0.0,1.0,1.0,0.0
B,4251b990fdfa955c74cf908de1408217,faithfulness_ragas,5,0.7168831168831169,0.7272727272727273,0.07166430992894232,0.6428571428571429,0.7857142857142857,0.1428571428571428
B,4251b990fdfa955c74cf908de1408217,hallucination_deepeval,6,0.0,0.0,0.0,0.0,0.0,0.0
B,44f032fdeb5ca2e150e1292283356e42,answer_relevancy_deepeval,6,1.0,1.0,0.0,1.0,1.0,0.0
B,44f032fdeb5ca2e150e1292283356e42,claim_count_contradicted,1,0.0,0.0,,0.0,0.0,0.0
B,44f032fdeb5ca2e150e1292283356e42,claim_count_covered,1,1.0,1.0,,1.0,1.0,0.0
B,44f032fdeb5ca2e150e1292283356e42,claim_count_partial,1,5.0,5.0,,5.0,5.0,0.0
B,44f032fdeb5ca2e150e1292283356e42,claim_count_total,1,9.0,9.0,,9.0,9.0,0.0
B,44f032fdeb5ca2e150e1292283356e42,claim_coverage,1,0.3888888888888889,0.3888888888888889,,0.3888888888888889,0.3888888888888889,0.0
B,44f032fdeb5ca2e150e1292283356e42,contextual_precision_deepeval,5,0.8909743863713409,0.8830835516523668,0.06982459685863651,0.8086354602555375,1.0,0.03454581917362065
B,44f032fdeb5ca2e150e1292283356e42,contextual_recall_deepeval,6,0.9895833333333334,1.0,0.02551551815399144,0.9375,1.0,0.0
B,44f032fdeb5ca2e150e1292283356e42,contextual_relevancy_deepeval,6,0.6022785799187546,0.6075427385438855,0.009245099871051696,0.5867768595041323,0.6090651558073654,0.009856914902916958
B,44f032fdeb5ca2e150e1292283356e42,eti_clarity,5,1.0,1.0,0.0,1.0,1.0,0.0
B,44f032fdeb5ca2e150e1292283356e42,eti_empathy,4,1.0,1.0,0.0,1.0,1.0,0.0
B,44f032fdeb5ca2e150e1292283356e42,eti_quality_assessment,5,0.0,0.0,0.0,0.0,0.0,0.0
B,44f032fdeb5ca2e150e1292283356e42,eti_quality_score,5,1.0,1.0,0.0,1.0,1.0,0.0
B,44f032fdeb5ca2e150e1292283356e42,eti_relevance,5,1.0,1.0,0.0,1.0,1.0,0.0
B,44f032fdeb5ca2e150e1292283356e42,eti_variability,4,1.0,1.0,0.0,1.0,1.0,0.0
B,44f032fdeb5ca2e150e1292283356e42,faithfulness_ragas,5,0.8834408602150537,0.8709677419354839,0.027890740364513462,0.8709677419354839,0.9333333333333332,0.0
B,44f032fdeb5ca2e150e1292283356e42,hallucination_deepeval,6,0.0,0.0,0.0,0.0,0.0,0.0
B,80301bd14a2776841bc09ce9a646f472,answer_relevancy_deepeval,6,1.0,1.0,0.0,1.0,1.0,0.0
B,80301bd14a2776841bc09ce9a646f472,claim_count_contradicted,1,0.0,0.0,,0.0,0.0,0.0
B,80301bd14a2776841bc09ce9a646f472,claim_count_covered,1,3.0,3.0,,3.0,3.0,0.0
B,80301bd14a2776841bc09ce9a646f472,claim_count_partial,1,5.0,5.0,,5.0,5.0,0.0
B,80301bd14a2776841bc09ce9a646f472,claim_count_total,1,8.0,8.0,,8.0,8.0,0.0
B,80301bd14a2776841bc09ce9a646f472,claim_coverage,1,0.6875,0.6875,,0.6875,0.6875,0.0
B,80301bd14a2776841bc09ce9a646f472,contextual_precision_deepeval,6,0.861025032234855,0.8562983465821058,0.017279318460909656,0.8469357206575155,0.8955037851857338,0.001112024071906581
B,80301bd14a2776841bc09ce9a646f472,contextual_recall_deepeval,6,0.9761904761904763,1.0,0.058321184351980415,0.8571428571428571,1.0,0.0
B,80301bd14a2776841bc09ce9a646f472,contextual_relevancy_deepeval,6,0.6647151170532063,0.6717006802721088,0.014214037012177596,0.6404109589041096,0.6754966887417219,0.015825022376673492
B,80301bd14a2776841bc09ce9a646f472,eti_clarity,5,1.0,1.0,0.0,1.0,1.0,0.0
B,80301bd14a2776841bc09ce9a646f472,eti_empathy,4,1.0,1.0,0.0,1.0,1.0,0.0
B,80301bd14a2776841bc09ce9a646f472,eti_quality_assessment,5,0.0,0.0,0.0,0.0,0.0,0.0
B,80301bd14a2776841bc09ce9a646f472,eti_quality_score,4,1.0,1.0,0.0,1.0,1.0,0.0
B,80301bd14a2776841bc09ce9a646f472,eti_relevance,5,1.0,1.0,0.0,1.0,1.0,0.0
B,80301bd14a2776841bc09ce9a646f472,eti_variability,5,1.0,1.0,0.0,1.0,1.0,0.0
B,80301bd14a2776841bc09ce9a646f472,faithfulness_ragas,5,0.5,0.5,0.0,0.5,0.5,0.0
B,80301bd14a2776841bc09ce9a646f472,hallucination_deepeval,5,0.0,0.0,0.0,0.0,0.0,0.0
B,98b42043b9c190a375bfd11ee00e95ad,answer_relevancy_deepeval,5,1.0,1.0,0.0,1.0,1.0,0.0
B,98b42043b9c190a375bfd11ee00e95ad,claim_count_contradicted,1,0.0,0.0,,0.0,0.0,0.0
B,98b42043b9c190a375bfd11ee00e95ad,claim_count_covered,1,2.0,2.0,,2.0,2.0,0.0
B,98b42043b9c190a375bfd11ee00e95ad,claim_count_partial,1,1.0,1.0,,1.0,1.0,0.0
B,98b42043b9c190a375bfd11ee00e95ad,claim_count_total,1,5.0,5.0,,5.0,5.0,0.0
B,98b42043b9c190a375bfd11ee00e95ad,claim_coverage,1,0.5,0.5,,0.5,0.5,0.0
B,98b42043b9c190a375bfd11ee00e95ad,contextual_precision_deepeval,4,0.794829024772685,0.7967446537401796,0.024556093754766938,0.7692133258336281,0.8166134657767529,0.03932379623447879
B,98b42043b9c190a375bfd11ee00e95ad,contextual_recall_deepeval,6,0.22222222222222218,0.1666666666666666,0.17213259316477408,0.0,0.5,0.12500000000000003
B,98b42043b9c190a375bfd11ee00e95ad,contextual_relevancy_deepeval,4,0.9652936739162852,0.9665964948983817,0.005929904649565555,0.956967213114754,0.9710144927536232,0.003721027666094945
B,98b42043b9c190a375bfd11ee00e95ad,eti_clarity,5,1.0,1.0,0.0,1.0,1.0,0.0
B,98b42043b9c190a375bfd11ee00e95ad,eti_empathy,3,1.0,1.0,0.0,1.0,1.0,0.0
B,98b42043b9c190a375bfd11ee00e95ad,eti_quality_assessment,4,0.0,0.0,0.0,0.0,0.0,0.0
B,98b42043b9c190a375bfd11ee00e95ad,eti_quality_score,4,1.0,1.0,0.0,1.0,1.0,0.0
B,98b42043b9c190a375bfd11ee00e95ad,eti_relevance,4,1.0,1.0,0.0,1.0,1.0,0.0
B,98b42043b9c190a375bfd11ee00e95ad,eti_variability,5,1.0,1.0,0.0,1.0,1.0,0.0
B,98b42043b9c190a375bfd11ee00e95ad,faithfulness_ragas,5,0.8181818181818181,0.8181818181818182,0.0,0.8181818181818182,0.8181818181818182,0.0
B,98b42043b9c190a375bfd11ee00e95ad,hallucination_deepeval,5,0.0,0.0,0.0,0.0,0.0,0.0
B,a3f055026c678d19fdd413e0c76cfd88,answer_relevancy_deepeval,6,1.0,1.0,0.0,1.0,1.0,0.0
B,a3f055026c678d19fdd413e0c76cfd88,claim_count_contradicted,1,0.0,0.0,,0.0,0.0,0.0
B,a3f055026c678d19fdd413e0c76cfd88,claim_count_covered,1,4.0,4.0,,4.0,4.0,0.0
B,a3f055026c678d19fdd413e0c76cfd88,claim_count_partial,1,3.0,3.0,,3.0,3.0,0.0
B,a3f055026c678d19fdd413e0c76cfd88,claim_count_total,1,9.0,9.0,,9.0,9.0,0.0
B,a3f055026c678d19fdd413e0c76cfd88,claim_coverage,1,0.6111111111111112,0.6111111111111112,,0.6111111111111112,0.6111111111111112,0.0
B,a3f055026c678d19fdd413e0c76cfd88,contextual_precision_deepeval,6,0.8882738098125013,1.0,0.17673683951665725,0.6083119022499331,1.0,0.20900178253119428
B,a3f055026c678d19fdd413e0c76cfd88,contextual_recall_deepeval,5,1.0,1.0,0.0,1.0,1.0,0.0
B,a3f055026c678d19fdd413e0c76cfd88,contextual_relevancy_deepeval,3,0.9357902222865349,0.9347826086956522,0.005268106386113264,0.931098696461825,0.9414893617021276,0.005195332620151372
B,a3f055026c678d19fdd413e0c76cfd88,eti_clarity,5,1.0,1.0,0.0,1.0,1.0,0.0
B,a3f055026c678d19fdd413e0c76cfd88,eti_empathy,4,1.0,1.0,0.0,1.0,1.0,0.0
B,a3f055026c678d19fdd413e0c76cfd88,eti_quality_assessment,4,0.0,0.0,0.0,0.0,0.0,0.0
B,a3f055026c678d19fdd413e0c76cfd88,eti_quality_score,5,1.0,1.0,0.0,1.0,1.0,0.0
B,a3f055026c678d19fdd413e0c76cfd88,eti_relevance,5,1.0,1.0,0.0,1.0,1.0,0.0
B,a3f055026c678d19fdd413e0c76cfd88,eti_variability,5,1.0,1.0,0.0,1.0,1.0,0.0
B,a3f055026c678d19fdd413e0c76cfd88,faithfulness_ragas,5,0.7692307692307693,0.7692307692307693,0.0,0.7692307692307693,0.7692307692307693,0.0
B,a3f055026c678d19fdd413e0c76cfd88,hallucination_deepeval,5,0.0,0.0,0.0,0.0,0.0,0.0
B,aea63daade6a51d7bfe1b6c828556aa9,answer_relevancy_deepeval,5,1.0,1.0,0.0,1.0,1.0,0.0
B,aea63daade6a51d7bfe1b6c828556aa9,claim_count_contradicted,1,0.0,0.0,,0.0,0.0,0.0
B,aea63daade6a51d7bfe1b6c828556aa9,claim_count_covered,1,3.0,3.0,,3.0,3.0,0.0
B,aea63daade6a51d7bfe1b6c828556aa9,claim_count_partial,1,5.0,5.0,,5.0,5.0,0.0
B,aea63daade6a51d7bfe1b6c828556aa9,claim_count_total,1,8.0,8.0,,8.0,8.0,0.0
B,aea63daade6a51d7bfe1b6c828556aa9,claim_coverage,1,0.6875,0.6875,,0.6875,0.6875,0.0
B,aea63daade6a51d7bfe1b6c828556aa9,contextual_precision_deepeval,5,0.099817000312521,0.1046810459044501,0.00740485949897615,0.0917358350868989,0.106251239579907,0.012945210817551192
B,aea63daade6a51d7bfe1b6c828556aa9,contextual_recall_deepeval,5,0.7380952380952381,0.7142857142857143,0.05323971374999501,0.7142857142857143,0.8333333333333334,0.0
B,aea63daade6a51d7bfe1b6c828556aa9,contextual_relevancy_deepeval,4,0.46979432618507483,0.47235023041474655,0.018467385802823425,0.4481132075471698,0.4863636363636364,0.026843713194900032
B,aea63daade6a51d7bfe1b6c828556aa9,eti_clarity,4,1.0,1.0,0.0,1.0,1.0,0.0
B,aea63daade6a51d7bfe1b6c828556aa9,eti_empathy,6,1.0,1.0,0.0,1.0,1.0,0.0
B,aea63daade6a51d7bfe1b6c828556aa9,eti_quality_assessment,5,0.0,0.0,0.0,0.0,0.0,0.0
B,aea63daade6a51d7bfe1b6c828556aa9,eti_quality_score,5,1.0,1.0,0.0,1.0,1.0,0.0
B,aea63daade6a51d7bfe1b6c828556aa9,eti_relevance,4,1.0,1.0,0.0,1.0,1.0,0.0
B,aea63daade6a51d7bfe1b6c828556aa9,eti_variability,5,1.0,1.0,0.0,1.0,1.0,0.0
B,aea63daade6a51d7bfe1b6c828556aa9,faithfulness_ragas,4,0.8270502645502645,0.8207671957671957,0.1790276848103595,0.6666666666666666,1.0,0.29662698412698396
B,aea63daade6a51d7bfe1b6c828556aa9,hallucination_deepeval,4,0.0,0.0,0.0,0.0,0.0,0.0
B,d577c2b60cf8dec979dc3e296fedf6d6,answer_relevancy_deepeval,6,1.0,1.0,0.0,1.0,1.0,0.0
B,d577c2b60cf8dec979dc3e296fedf6d6,claim_count_contradicted,1,0.0,0.0,,0.0,0.0,0.0
B,d577c2b60cf8dec979dc3e296fedf6d6,claim_count_covered,1,1.0,1.0,,1.0,1.0,0.0
B,d577c2b60cf8dec979dc3e296fedf6d6,claim_count_partial,1,7.0,7.0,,7.0,7.0,0.0
B,d577c2b60cf8dec979dc3e296fedf6d6,claim_count_total,1,8.0,8.0,,8.0,8.0,0.0
B,d577c2b60cf8dec979dc3e296fedf6d6,claim_coverage,1,0.5625,0.5625,,0.5625,0.5625,0.0
B,d577c2b60cf8dec979dc3e296fedf6d6,contextual_precision_deepeval,6,0.6738701988598569,0.6722006304099557,0.029254923770926033,0.6285135577053687,0.7053585139547375,0.03624658559081251
B,d577c2b60cf8dec979dc3e296fedf6d6,contextual_recall_deepeval,6,1.0,1.0,0.0,1.0,1.0,0.0
B,d577c2b60cf8dec979dc3e296fedf6d6,contextual_relevancy_deepeval,5,0.7450194416967065,0.7374301675977654,0.021604743138379238,0.7223796033994334,0.7787114845938375,0.01764939922017983
B,d577c2b60cf8dec979dc3e296fedf6d6,eti_clarity,4,1.0,1.0,0.0,1.0,1.0,0.0
B,d577c2b60cf8dec979dc3e296fedf6d6,eti_empathy,5,1.0,1.0,0.0,1.0,1.0,0.0
B,d577c2b60cf8dec979dc3e296fedf6d6,eti_quality_assessment,5,0.0,0.0,0.0,0.0,0.0,0.0
B,d577c2b60cf8dec979dc3e296fedf6d6,eti_quality_score,4,1.0,1.0,0.0,1.0,1.0,0.0
B,d577c2b60cf8dec979dc3e296fedf6d6,eti_relevance,4,1.0,1.0,0.0,1.0,1.0,0.0
B,d577c2b60cf8dec979dc3e296fedf6d6,eti_variability,5,1.0,1.0,0.0,1.0,1.0,0.0
B,d577c2b60cf8dec979dc3e296fedf6d6,faithfulness_ragas,4,0.6363636363636364,0.6363636363636364,0.03711348095126024,0.5909090909090909,0.6818181818181818,0.022727272727272707
B,d577c2b60cf8dec979dc3e296fedf6d6,hallucination_deepeval,6,0.0,0.0,0.0,0.0,0.0,0.0
B,e937d2706b6b3c4f198bfff09639225b,answer_relevancy_deepeval,6,1.0,1.0,0.0,1.0,1.0,0.0
B,e937d2706b6b3c4f198bfff09639225b,claim_count_contradicted,1,0.0,0.0,,0.0,0.0,0.0
B,e937d2706b6b3c4f198bfff09639225b,claim_count_covered,1,0.0,0.0,,0.0,0.0,0.0
B,e937d2706b6b3c4f198bfff09639225b,claim_count_partial,1,6.0,6.0,,6.0,6.0,0.0
B,e937d2706b6b3c4f198bfff09639225b,claim_count_total,1,6.0,6.0,,6.0,6.0,0.0
B,e937d2706b6b3c4f198bfff09639225b,claim_coverage,1,0.5,0.5,,0.5,0.5,0.0
B,e937d2706b6b3c4f198bfff09639225b,contextual_precision_deepeval,6,0.7513502401516607,0.754271885087326,0.014266805338611991,0.7313536803253831,0.7637519537221893,0.022028937384910185
B,e937d2706b6b3c4f198bfff09639225b,contextual_recall_deepeval,5,0.9666666666666666,1.0,0.07453559924999296,0.8333333333333334,1.0,0.0
B,e937d2706b6b3c4f198bfff09639225b,contextual_relevancy_deepeval,6,0.6511201635501057,0.6562431489785749,0.010844143828680052,0.6339285714285714,0.6596638655462185,0.014223682720425845
B,e937d2706b6b3c4f198bfff09639225b,eti_clarity,4,1.0,1.0,0.0,1.0,1.0,0.0
B,e937d2706b6b3c4f198bfff09639225b,eti_empathy,5,1.0,1.0,0.0,1.0,1.0,0.0
B,e937d2706b6b3c4f198bfff09639225b,eti_quality_assessment,5,0.0,0.0,0.0,0.0,0.0,0.0
B,e937d2706b6b3c4f198bfff09639225b,eti_quality_score,4,1.0,1.0,0.0,1.0,1.0,0.0
B,e937d2706b6b3c4f198bfff09639225b,eti_relevance,5,1.0,1.0,0.0,1.0,1.0,0.0
B,e937d2706b6b3c4f198bfff09639225b,eti_variability,4,1.0,1.0,0.0,1.0,1.0,0.0
B,e937d2706b6b3c4f198bfff09639225b,faithfulness_ragas,5,0.8595238095238095,0.8333333333333334,0.13531687846078874,0.7142857142857143,1.0,0.25
B,e937d2706b6b3c4f198bfff09639225b,hallucination_deepeval,5,0.0,0.0,0.0,0.0,0.0,0.0
C,019ffc81bec15ce2cc74b559496dbf3e,answer_relevancy_deepeval,5,1.0,1.0,0.0,1.0,1.0,0.0
C,019ffc81bec15ce2cc74b559496dbf3e,claim_count_contradicted,5,0.2,0.0,0.447213595499958,0.0,1.0,0.0
C,019ffc81bec15ce2cc74b559496dbf3e,claim_count_covered,5,0.0,0.0,0.0,0.0,0.0,0.0
C,019ffc81bec15ce2cc74b559496dbf3e,claim_count_partial,4,2.25,2.0,0.5,2.0,3.0,0.25
C,019ffc81bec15ce2cc74b559496dbf3e,claim_count_total,5,6.6,7.0,0.5477225575051662,6.0,7.0,1.0
C,019ffc81bec15ce2cc74b559496dbf3e,claim_coverage,4,0.17559523809523805,0.1547619047619047,0.050857165150699636,0.1428571428571428,0.25,0.04464285714285715
C,019ffc81bec15ce2cc74b559496dbf3e,contextual_precision_deepeval,5,0.08791208791208785,0.1098901098901098,0.0491443511538415,0.0,0.1098901098901098,0.0
C,019ffc81bec15ce2cc74b559496dbf3e,contextual_recall_deepeval,5,0.0,0.0,0.0,0.0,0.0,0.0
C,019ffc81bec15ce2cc74b559496dbf3e,contextual_relevancy_deepeval,5,0.2962835170694452,0.3150684931506849,0.05601427846068063,0.2238805970149253,0.36,0.07542624166048922
C,019ffc81bec15ce2cc74b559496dbf3e,eti_clarity,5,1.0,1.0,0.0,1.0,1.0,0.0
C,019ffc81bec15ce2cc74b559496dbf3e,eti_empathy,4,1.0,1.0,0.0,1.0,1.0,0.0
C,019ffc81bec15ce2cc74b559496dbf3e,eti_quality_assessment,4,0.0,0.0,0.0,0.0,0.0,0.0
C,019ffc81bec15ce2cc74b559496dbf3e,eti_quality_score,4,1.0,1.0,0.0,1.0,1.0,0.0
C,019ffc81bec15ce2cc74b559496dbf3e,eti_relevance,4,1.0,1.0,0.0,1.0,1.0,0.0
C,019ffc81bec15ce2cc74b559496dbf3e,eti_variability,5,1.0,1.0,0.0,1.0,1.0,0.0
C,019ffc81bec15ce2cc74b559496dbf3e,faithfulness_ragas,4,0.8928571428571429,0.9285714285714286,0.1367753011080483,0.7142857142857143,1.0,0.1785714285714286
C,019ffc81bec15ce2cc74b559496dbf3e,hallucination_deepeval,5,0.0625,0.0625,0.0,0.0625,0.0625,0.0
C,0f412e21778ac3b3e4de14a81de472e1,answer_relevancy_deepeval,5,1.0,1.0,0.0,1.0,1.0,0.0
C,0f412e21778ac3b3e4de14a81de472e1,claim_count_contradicted,5,0.0,0.0,0.0,0.0,0.0,0.0
C,0f412e21778ac3b3e4de14a81de472e1,claim_count_covered,4,0.0,0.0,0.0,0.0,0.0,0.0
C,0f412e21778ac3b3e4de14a81de472e1,claim_count_partial,4,1.0,1.0,0.0,1.0,1.0,0.0
C,0f412e21778ac3b3e4de14a81de472e1,claim_count_total,4,8.0,8.0,0.0,8.0,8.0,0.0
C,0f412e21778ac3b3e4de14a81de472e1,claim_coverage,4,0.0625,0.0625,0.0,0.0625,0.0625,0.0
C,0f412e21778ac3b3e4de14a81de472e1,contextual_precision_deepeval,5,0.0,0.0,0.0,0.0,0.0,0.0
C,0f412e21778ac3b3e4de14a81de472e1,contextual_recall_deepeval,5,0.09523809523809522,0.1111111111111111,0.09589719026662358,0.0,0.2222222222222222,0.1428571428571428
C,0f412e21778ac3b3e4de14a81de472e1,contextual_relevancy_deepeval,5,0.3857813050672305,0.4775280898876404,0.2157728189012566,0.0,0.4943181818181818,0.002004073855049582
C,0f412e21778ac3b3e4de14a81de472e1,eti_clarity,5,1.0,1.0,0.0,1.0,1.0,0.0
C,0f412e21778ac3b3e4de14a81de472e1,eti_empathy,4,1.0,1.0,0.0,1.0,1.0,0.0
C,0f412e21778ac3b3e4de14a81de472e1,eti_quality_assessment,5,0.0,0.0,0.0,0.0,0.0,0.0
C,0f412e21778ac3b3e4de14a81de472e1,eti_quality_score,5,1.0,1.0,0.0,1.0,1.0,0.0
C,0f412e21778ac3b3e4de14a81de472e1,eti_relevance,3,1.0,1.0,0.0,1.0,1.0,0.0
C,0f412e21778ac3b3e4de14a81de472e1,eti_variability,4,1.0,1.0,0.0,1.0,1.0,0.0
C,0f412e21778ac3b3e4de14a81de472e1,faithfulness_ragas,5,0.7,0.8636363636363636,0.3944344209075753,0.0,0.9545454545454546,0.045454545454545414
C,0f412e21778ac3b3e4de14a81de472e1,hallucination_deepeval,5,0.0,0.0,0.0,0.0,0.0,0.0
C,4251b990fdfa955c74cf908de1408217,answer_relevancy_deepeval,5,1.0,1.0,0.0,1.0,1.0,0.0
C,4251b990fdfa955c74cf908de1408217,claim_count_contradicted,5,0.0,0.0,0.0,0.0,0.0,0.0
C,4251b990fdfa955c74cf908de1408217,claim_count_covered,5,2.6,3.0,0.5477225575051662,2.0,3.0,1.0
C,4251b990fdfa955c74cf908de1408217,claim_count_partial,5,5.0,5.0,0.0,5.0,5.0,0.0
C,4251b990fdfa955c74cf908de1408217,claim_count_total,5,9.6,10.0,0.5477225575051662,9.0,10.0,1.0
C,4251b990fdfa955c74cf908de1408217,claim_coverage,5,0.53,0.55,0.027386127875258334,0.5,0.55,0.050000000000000044
C,4251b990fdfa955c74cf908de1408217,contextual_precision_deepeval,5,0.8693614902254609,0.8693614902254609,0.0,0.8693614902254609,0.8693614902254609,0.0
C,4251b990fdfa955c74cf908de1408217,contextual_recall_deepeval,5,0.41657342657342655,0.3846153846153846,0.06796662792187726,0.3636363636363636,0.5333333333333333,0.032051282051282104
C,4251b990fdfa955c74cf908de1408217,contextual_relevancy_deepeval,5,0.9422691915989316,0.9397590361445785,0.009453999152664915,0.9298245614035088,0.955,0.00797448165869219
C,4251b990fdfa955c74cf908de1408217,eti_clarity,5,1.0,1.0,0.0,1.0,1.0,0.0
C,4251b990fdfa955c74cf908de1408217,eti_empathy,5,1.0,1.0,0.0,1.0,1.0,0.0
C,4251b990fdfa955c74cf908de1408217,eti_quality_assessment,4,0.0,0.0,0.0,0.0,0.0,0.0
C,4251b990fdfa955c74cf908de1408217,eti_quality_score,5,1.0,1.0,0.0,1.0,1.0,0.0
C,4251b990fdfa955c74cf908de1408217,eti_relevance,5,1.0,1.0,0.0,1.0,1.0,0.0
C,4251b990fdfa955c74cf908de1408217,eti_variability,5,1.0,1.0,0.0,1.0,1.0,0.0
C,4251b990fdfa955c74cf908de1408217,faithfulness_ragas,5,0.6448051948051947,0.7272727272727273,0.19660424686917657,0.3181818181818182,0.7857142857142857,0.1785714285714286
C,4251b990fdfa955c74cf908de1408217,hallucination_deepeval,5,0.0,0.0,0.0,0.0,0.0,0.0
C,44f032fdeb5ca2e150e1292283356e42,answer_relevancy_deepeval,5,1.0,1.0,0.0,1.0,1.0,0.0
C,44f032fdeb5ca2e150e1292283356e42,claim_count_contradicted,4,0.0,0.0,0.0,0.0,0.0,0.0
C,44f032fdeb5ca2e150e1292283356e42,claim_count_covered,5,1.2,1.0,0.4472135954999579,1.0,2.0,0.0
C,44f032fdeb5ca2e150e1292283356e42,claim_count_partial,3,4.666666666666667,5.0,0.5773502691896258,4.0,5.0,0.5
C,44f032fdeb5ca2e150e1292283356e42,claim_count_total,5,9.0,9.0,0.0,9.0,9.0,0.0
C,44f032fdeb5ca2e150e1292283356e42,claim_coverage,3,0.3888888888888889,0.3888888888888889,0.0,0.3888888888888889,0.3888888888888889,0.0
C,44f032fdeb5ca2e150e1292283356e42,contextual_precision_deepeval,5,0.7440212957699097,0.8368759129276391,0.23023617305612168,0.3328950104575303,0.8632280125524907,0.02699297587834737
C,44f032fdeb5ca2e150e1292283356e42,contextual_recall_deepeval,5,1.0,1.0,0.0,1.0,1.0,0.0
C,44f032fdeb5ca2e150e1292283356e42,contextual_relevancy_deepeval,5,0.5928365517810561,0.5938375350140056,0.005043935771463721,0.5877437325905293,0.6,0.0061309030654514984
C,44f032fdeb5ca2e150e1292283356e42,eti_clarity,3,1.0,1.0,0.0,1.0,1.0,0.0
C,44f032fdeb5ca2e150e1292283356e42,eti_empathy,4,1.0,1.0,0.0,1.0,1.0,0.0
C,44f032fdeb5ca2e150e1292283356e42,eti_quality_assessment,4,0.0,0.0,0.0,0.0,0.0,0.0
C,44f032fdeb5ca2e150e1292283356e42,eti_quality_score,3,1.0,1.0,0.0,1.0,1.0,0.0
C,44f032fdeb5ca2e150e1292283356e42,eti_relevance,4,1.0,1.0,0.0,1.0,1.0,0.0
C,44f032fdeb5ca2e150e1292283356e42,eti_variability,2,1.0,1.0,0.0,1.0,1.0,0.0
C,44f032fdeb5ca2e150e1292283356e42,faithfulness_ragas,5,0.8763440860215054,0.8709677419354839,0.04083190870117743,0.8387096774193549,0.9333333333333332,0.06129032258064515
C,44f032fdeb5ca2e150e1292283356e42,hallucination_deepeval,5,0.0,0.0,0.0,0.0,0.0,0.0
C,80301bd14a2776841bc09ce9a646f472,answer_relevancy_deepeval,5,1.0,1.0,0.0,1.0,1.0,0.0
C,80301bd14a2776841bc09ce9a646f472,claim_count_contradicted,5,0.0,0.0,0.0,0.0,0.0,0.0
C,80301bd14a2776841bc09ce9a646f472,claim_count_covered,5,2.6,3.0,0.5477225575051661,2.0,3.0,1.0
C,80301bd14a2776841bc09ce9a646f472,claim_count_partial,5,5.2,5.0,0.44721359549995787,5.0,6.0,0.0
C,80301bd14a2776841bc09ce9a646f472,claim_count_total,5,8.0,8.0,0.0,8.0,8.0,0.0
C,80301bd14a2776841bc09ce9a646f472,claim_coverage,4,0.65625,0.6875,0.0625,0.5625,0.6875,0.03125
C,80301bd14a2776841bc09ce9a646f472,contextual_precision_deepeval,5,0.8411892958927589,0.8444721424814018,0.015488110932014389,0.8186794831194399,0.8562983465821058,0.020263047224369113
C,80301bd14a2776841bc09ce9a646f472,contextual_recall_deepeval,5,0.9428571428571428,1.0,0.07824607964359517,0.8571428571428571,1.0,0.1428571428571429
C,80301bd14a2776841bc09ce9a646f472,contextual_relevancy_deepeval,5,0.6634801819303083,0.659016393442623,0.011855523340031914,0.6542372881355932,0.6842105263157895,0.002210949249175087
C,80301bd14a2776841bc09ce9a646f472,eti_clarity,4,1.0,1.0,0.0,1.0,1.0,0.0
C,80301bd14a2776841bc09ce9a646f472,eti_empathy,4,1.0,1.0,0.0,1.0,1.0,0.0
C,80301bd14a2776841bc09ce9a646f472,eti_quality_assessment,4,0.0,0.0,0.0,0.0,0.0,0.0
C,80301bd14a2776841bc09ce9a646f472,eti_quality_score,3,1.0,1.0,0.0,1.0,1.0,0.0
C,80301bd14a2776841bc09ce9a646f472,eti_relevance,4,1.0,1.0,0.0,1.0,1.0,0.0
C,80301bd14a2776841bc09ce9a646f472,eti_variability,4,1.0,1.0,0.0,1.0,1.0,0.0
C,80301bd14a2776841bc09ce9a646f472,faithfulness_ragas,4,0.4916666666666667,0.5,0.016666666666666673,0.4666666666666667,0.5,0.008333333333333304
C,80301bd14a2776841bc09ce9a646f472,hallucination_deepeval,5,0.0,0.0,0.0,0.0,0.0,0.0
C,98b42043b9c190a375bfd11ee00e95ad,answer_relevancy_deepeval,5,1.0,1.0,0.0,1.0,1.0,0.0
C,98b42043b9c190a375bfd11ee00e95ad,claim_count_contradicted,3,0.0,0.0,0.0,0.0,0.0,0.0
C,98b42043b9c190a375bfd11ee00e95ad,claim_count_covered,3,2.0,2.0,0.0,2.0,2.0,0.0
C,98b42043b9c190a375bfd11ee00e95ad,claim_count_partial,3,1.3333333333333333,1.0,0.5773502691896258,1.0,2.0,0.5
C,98b42043b9c190a375bfd11ee00e95ad,claim_count_total,5,5.0,5.0,0.0,5.0,5.0,0.0
C,98b42043b9c190a375bfd11ee00e95ad,claim_coverage,3,0.5,0.5,0.0,0.5,0.5,0.0
C,98b42043b9c190a375bfd11ee00e95ad,contextual_precision_deepeval,3,0.6678298227611429,0.7692133258336281,0.18154798893976945,0.4582333473598176,0.776042795089983,0.1589047238650827
C,98b42043b9c190a375bfd11ee00e95ad,contextual_recall_deepeval,5,0.05151515151515149,0.0,0.07545393695750745,0.0,0.1666666666666666,0.0909090909090909
C,98b42043b9c190a375bfd11ee00e95ad,contextual_relevancy_deepeval,5,0.9610383450784887,0.9603340292275574,0.0037400389071499053,0.9567901234567902,0.9670781893004116,0.0008213161807933966
C,98b42043b9c190a375bfd11ee00e95ad,eti_clarity,4,1.0,1.0,0.0,1.0,1.0,0.0
C,98b42043b9c190a375bfd11ee00e95ad,eti_empathy,3,1.0,1.0,0.0,1.0,1.0,0.0
C,98b42043b9c190a375bfd11ee00e95ad,eti_quality_assessment,4,0.0,0.0,0.0,0.0,0.0,0.0
C,98b42043b9c190a375bfd11ee00e95ad,eti_quality_score,3,1.0,1.0,0.0,1.0,1.0,0.0
C,98b42043b9c190a375bfd11ee00e95ad,eti_relevance,2,1.0,1.0,0.0,1.0,1.0,0.0
C,98b42043b9c190a375bfd11ee00e95ad,eti_variability,4,1.0,1.0,0.0,1.0,1.0,0.0
C,98b42043b9c190a375bfd11ee00e95ad,faithfulness_ragas,2,0.9090909090909092,0.9090909090909092,0.128564869306645,0.8181818181818182,1.0,0.09090909090909094
C,98b42043b9c190a375bfd11ee00e95ad,hallucination_deepeval,5,0.0,0.0,0.0,0.0,0.0,0.0
C,a3f055026c678d19fdd413e0c76cfd88,answer_relevancy_deepeval,5,1.0,1.0,0.0,1.0,1.0,0.0
C,a3f055026c678d19fdd413e0c76cfd88,claim_count_contradicted,3,0.0,0.0,0.0,0.0,0.0,0.0
C,a3f055026c678d19fdd413e0c76cfd88,claim_count_covered,3,4.0,4.0,0.0,4.0,4.0,0.0
C,a3f055026c678d19fdd413e0c76cfd88,claim_count_partial,3,3.0,3.0,0.0,3.0,3.0,0.0
C,a3f055026c678d19fdd413e0c76cfd88,claim_count_total,3,9.0,9.0,0.0,9.0,9.0,0.0
C,a3f055026c678d19fdd413e0c76cfd88,claim_coverage,3,0.6111111111111112,0.6111111111111112,0.0,0.6111111111111112,0.6111111111111112,0.0
C,a3f055026c678d19fdd413e0c76cfd88,contextual_precision_deepeval,5,0.9461799008727102,1.0,0.1203454002043971,0.730899504363551,1.0,0.0
C,a3f055026c678d19fdd413e0c76cfd88,contextual_recall_deepeval,5,1.0,1.0,0.0,1.0,1.0,0.0
C,a3f055026c678d19fdd413e0c76cfd88,contextual_relevancy_deepeval,3,0.9322954822954822,0.935897435897436,0.009587581175710297,0.9214285714285714,0.9395604395604396,0.009065934065934034
C,a3f055026c678d19fdd413e0c76cfd88,eti_clarity,3,1.0,1.0,0.0,1.0,1.0,0.0
C,a3f055026c678d19fdd413e0c76cfd88,eti_empathy,3,1.0,1.0,0.0,1.0,1.0,0.0
C,a3f055026c678d19fdd413e0c76cfd88,eti_quality_assessment,3,0.0,0.0,0.0,0.0,0.0,0.0
C,a3f055026c678d19fdd413e0c76cfd88,eti_quality_score,3,1.0,1.0,0.0,1.0,1.0,0.0
C,a3f055026c678d19fdd413e0c76cfd88,eti_relevance,2,1.0,1.0,0.0,1.0,1.0,0.0
C,a3f055026c678d19fdd413e0c76cfd88,eti_variability,5,1.0,1.0,0.0,1.0,1.0,0.0
C,a3f055026c678d19fdd413e0c76cfd88,faithfulness_ragas,4,0.8653846153846154,0.8461538461538463,0.11538461538461538,0.7692307692307693,1.0,0.17307692307692313
C,a3f055026c678d19fdd413e0c76cfd88,hallucination_deepeval,5,0.0,0.0,0.0,0.0,0.0,0.0
C,aea63daade6a51d7bfe1b6c828556aa9,answer_relevancy_deepeval,5,1.0,1.0,0.0,1.0,1.0,0.0
C,aea63daade6a51d7bfe1b6c828556aa9,claim_count_contradicted,3,0.0,0.0,0.0,0.0,0.0,0.0
C,aea63daade6a51d7bfe1b6c828556aa9,claim_count_covered,2,3.0,3.0,0.0,3.0,3.0,0.0
C,aea63daade6a51d7bfe1b6c828556aa9,claim_count_partial,4,5.0,5.0,0.0,5.0,5.0,0.0
C,aea63daade6a51d7bfe1b6c828556aa9,claim_count_total,4,8.0,8.0,0.0,8.0,8.0,0.0
C,aea63daade6a51d7bfe1b6c828556aa9,claim_coverage,3,0.6875,0.6875,0.0,0.6875,0.6875,0.0
C,aea63daade6a51d7bfe1b6c828556aa9,contextual_precision_deepeval,5,0.10729703263555443,0.0917358350868989,0.02812358672350614,0.0917358350868989,0.1565966120126254,0.012945210817551192
C,aea63daade6a51d7bfe1b6c828556aa9,contextual_recall_deepeval,5,0.7142857142857143,0.7142857142857143,0.0,0.7142857142857143,0.7142857142857143,0.0
C,aea63daade6a51d7bfe1b6c828556aa9,contextual_relevancy_deepeval,5,0.4870278824607043,0.4838709677419355,0.011832707126222747,0.4766355140186916,0.5045454545454545,0.0159590356304673
C,aea63daade6a51d7bfe1b6c828556aa9,eti_clarity,3,1.0,1.0,0.0,1.0,1.0,0.0
C,aea63daade6a51d7bfe1b6c828556aa9,eti_empathy,2,1.0,1.0,0.0,1.0,1.0,0.0
C,aea63daade6a51d7bfe1b6c828556aa9,eti_quality_assessment,4,0.0,0.0,0.0,0.0,0.0,0.0
C,aea63daade6a51d7bfe1b6c828556aa9,eti_quality_score,3,1.0,1.0,0.0,1.0,1.0,0.0
C,aea63daade6a51d7bfe1b6c828556aa9,eti_relevance,2,1.0,1.0,0.0,1.0,1.0,0.0
C,aea63daade6a51d7bfe1b6c828556aa9,eti_variability,2,1.0,1.0,0.0,1.0,1.0,0.0
C,aea63daade6a51d7bfe1b6c828556aa9,faithfulness_ragas,4,0.9907407407407407,1.0,0.0185185185185186,0.9629629629629628,1.0,0.0092592592592593
C,aea63daade6a51d7bfe1b6c828556aa9,hallucination_deepeval,5,0.0,0.0,0.0,0.0,0.0,0.0
C,d577c2b60cf8dec979dc3e296fedf6d6,answer_relevancy_deepeval,5,1.0,1.0,0.0,1.0,1.0,0.0
C,d577c2b60cf8dec979dc3e296fedf6d6,claim_count_contradicted,5,0.0,0.0,0.0,0.0,0.0,0.0
C,d577c2b60cf8dec979dc3e296fedf6d6,claim_count_covered,3,1.0,1.0,0.0,1.0,1.0,0.0
C,d577c2b60cf8dec979dc3e296fedf6d6,claim_count_partial,5,7.0,7.0,0.0,7.0,7.0,0.0
C,d577c2b60cf8dec979dc3e296fedf6d6,claim_count_total,4,8.0,8.0,0.0,8.0,8.0,0.0
C,d577c2b60cf8dec979dc3e296fedf6d6,claim_coverage,3,0.5625,0.5625,0.0,0.5625,0.5625,0.0
C,d577c2b60cf8dec979dc3e296fedf6d6,contextual_precision_deepeval,5,0.648887211630706,0.6573570592477569,0.03606274822955364,0.5872778483665271,0.6819286185677456,0.00904806274942438
C,d577c2b60cf8dec979dc3e296fedf6d6,contextual_recall_deepeval,5,1.0,1.0,0.0,1.0,1.0,0.0
C,d577c2b60cf8dec979dc3e296fedf6d6,contextual_relevancy_deepeval,5,0.7526163224302047,0.7549295774647887,0.013672214121361511,0.7303370786516854,0.7679558011049724,0.0
C,d577c2b60cf8dec979dc3e296fedf6d6,eti_clarity,3,1.0,1.0,0.0,1.0,1.0,0.0
C,d577c2b60cf8dec979dc3e296fedf6d6,eti_empathy,4,1.0,1.0,0.0,1.0,1.0,0.0
C,d577c2b60cf8dec979dc3e296fedf6d6,eti_quality_assessment,4,0.0,0.0,0.0,0.0,0.0,0.0
C,d577c2b60cf8dec979dc3e296fedf6d6,eti_quality_score,4,1.0,1.0,0.0,1.0,1.0,0.0
C,d577c2b60cf8dec979dc3e296fedf6d6,eti_relevance,5,1.0,1.0,0.0,1.0,1.0,0.0
C,d577c2b60cf8dec979dc3e296fedf6d6,eti_variability,5,1.0,1.0,0.0,1.0,1.0,0.0
C,d577c2b60cf8dec979dc3e296fedf6d6,faithfulness_ragas,3,0.6666666666666666,0.6818181818181818,0.026243194054073875,0.6363636363636364,0.6818181818181818,0.022727272727272707
C,d577c2b60cf8dec979dc3e296fedf6d6,hallucination_deepeval,5,0.0,0.0,0.0,0.0,0.0,0.0
C,e937d2706b6b3c4f198bfff09639225b,answer_relevancy_deepeval,5,1.0,1.0,0.0,1.0,1.0,0.0
C,e937d2706b6b3c4f198bfff09639225b,claim_count_contradicted,4,0.0,0.0,0.0,0.0,0.0,0.0
C,e937d2706b6b3c4f198bfff09639225b,claim_count_covered,5,0.0,0.0,0.0,0.0,0.0,0.0
C,e937d2706b6b3c4f198bfff09639225b,claim_count_partial,4,6.0,6.0,0.0,6.0,6.0,0.0
C,e937d2706b6b3c4f198bfff09639225b,claim_count_total,3,6.0,6.0,0.0,6.0,6.0,0.0
C,e937d2706b6b3c4f198bfff09639225b,claim_coverage,4,0.5,0.5,0.0,0.5,0.5,0.0
C,e937d2706b6b3c4f198bfff09639225b,contextual_precision_deepeval,5,0.7857884529536113,0.7686415081473476,0.043417947571465214,0.7411924173159121,0.8528032865102378,0.0388011453501802
C,e937d2706b6b3c4f198bfff09639225b,contextual_recall_deepeval,5,0.9,1.0,0.14907119849998599,0.6666666666666666,1.0,0.16666666666666663
C,e937d2706b6b3c4f198bfff09639225b,contextual_relevancy_deepeval,5,0.6310671642348148,0.625531914893617,0.01258608899861459,0.6194690265486725,0.6460176991150443,0.022026431718061623
C,e937d2706b6b3c4f198bfff09639225b,eti_clarity,4,1.0,1.0,0.0,1.0,1.0,0.0
C,e937d2706b6b3c4f198bfff09639225b,eti_empathy,3,1.0,1.0,0.0,1.0,1.0,0.0
C,e937d2706b6b3c4f198bfff09639225b,eti_quality_assessment,5,0.0,0.0,0.0,0.0,0.0,0.0
C,e937d2706b6b3c4f198bfff09639225b,eti_quality_score,4,1.0,1.0,0.0,1.0,1.0,0.0
C,e937d2706b6b3c4f198bfff09639225b,eti_relevance,4,1.0,1.0,0.0,1.0,1.0,0.0
C,e937d2706b6b3c4f198bfff09639225b,eti_variability,3,1.0,1.0,0.0,1.0,1.0,0.0
C,e937d2706b6b3c4f198bfff09639225b,faithfulness_ragas,3,0.8412698412698413,0.8571428571428571,0.08445951053092365,0.75,0.9166666666666666,0.08333333333333326
C,e937d2706b6b3c4f198bfff09639225b,hallucination_deepeval,5,0.0,0.0,0.0,0.0,0.0,0.0
M,019ffc81bec15ce2cc74b559496dbf3e,answer_relevancy_deepeval,5,1.0,1.0,0.0,1.0,1.0,0.0
M,019ffc81bec15ce2cc74b559496dbf3e,contextual_precision_deepeval,5,0.1098901098901098,0.1098901098901098,0.0,0.1098901098901098,0.1098901098901098,0.0
M,019ffc81bec15ce2cc74b559496dbf3e,contextual_recall_deepeval,5,0.2,0.2,0.0,0.2,0.2,0.0
M,019ffc81bec15ce2cc74b559496dbf3e,eti_clarity,5,1.0,1.0,0.0,1.0,1.0,0.0
M,019ffc81bec15ce2cc74b559496dbf3e,eti_empathy,5,1.0,1.0,0.0,1.0,1.0,0.0
M,019ffc81bec15ce2cc74b559496dbf3e,eti_quality_assessment,5,0.0,0.0,0.0,0.0,0.0,0.0
M,019ffc81bec15ce2cc74b559496dbf3e,eti_quality_score,5,1.0,1.0,0.0,1.0,1.0,0.0
M,019ffc81bec15ce2cc74b559496dbf3e,eti_relevance,5,1.0,1.0,0.0,1.0,1.0,0.0
M,019ffc81bec15ce2cc74b559496dbf3e,eti_variability,5,1.0,1.0,0.0,1.0,1.0,0.0
M,019ffc81bec15ce2cc74b559496dbf3e,faithfulness_ragas,5,0.6722222222222223,0.6666666666666666,0.048710216435417196,0.625,0.7222222222222222,0.09722222222222221
M,019ffc81bec15ce2cc74b559496dbf3e,hallucination_deepeval,5,0.0,0.0,0.0,0.0,0.0,0.0
M,0f412e21778ac3b3e4de14a81de472e1,answer_relevancy_deepeval,5,1.0,1.0,0.0,1.0,1.0,0.0
M,0f412e21778ac3b3e4de14a81de472e1,contextual_precision_deepeval,5,0.036775678333142756,0.0,0.08223291667157336,0.0,0.1838783916657138,0.0
M,0f412e21778ac3b3e4de14a81de472e1,contextual_recall_deepeval,5,0.0,0.0,0.0,0.0,0.0,0.0
M,0f412e21778ac3b3e4de14a81de472e1,eti_clarity,5,1.0,1.0,0.0,1.0,1.0,0.0
M,0f412e21778ac3b3e4de14a81de472e1,eti_empathy,5,1.0,1.0,0.0,1.0,1.0,0.0
M,0f412e21778ac3b3e4de14a81de472e1,eti_quality_assessment,5,0.0,0.0,0.0,0.0,0.0,0.0
M,0f412e21778ac3b3e4de14a81de472e1,eti_quality_score,5,0.9,1.0,0.13693063937629152,0.75,1.0,0.25
M,0f412e21778ac3b3e4de14a81de472e1,eti_relevance,5,0.6,1.0,0.5477225575051661,0.0,1.0,1.0
M,0f412e21778ac3b3e4de14a81de472e1,eti_variability,5,1.0,1.0,0.0,1.0,1.0,0.0
M,0f412e21778ac3b3e4de14a81de472e1,faithfulness_ragas,5,0.5805925925925927,0.5,0.1653233104621588,0.44,0.7777777777777778,0.2962962962962963
M,0f412e21778ac3b3e4de14a81de472e1,hallucination_deepeval,5,0.0,0.0,0.0,0.0,0.0,0.0
M,4251b990fdfa955c74cf908de1408217,answer_relevancy_deepeval,5,1.0,1.0,0.0,1.0,1.0,0.0
M,4251b990fdfa955c74cf908de1408217,contextual_precision_deepeval,5,0.8693614902254609,0.8693614902254609,0.0,0.8693614902254609,0.8693614902254609,0.0
M,4251b990fdfa955c74cf908de1408217,contextual_recall_deepeval,5,0.5046783625730994,0.5,0.06201312534061198,0.4444444444444444,0.5789473684210527,0.11111111111111116
M,4251b990fdfa955c74cf908de1408217,contextual_relevancy_deepeval,4,0.8053833500981152,0.8087837837837838,0.01838291375741177,0.7818181818181819,0.8221476510067114,0.02325804297280798
M,4251b990fdfa955c74cf908de1408217,eti_clarity,5,1.0,1.0,0.0,1.0,1.0,0.0
M,4251b990fdfa955c74cf908de1408217,eti_empathy,5,1.0,1.0,0.0,1.0,1.0,0.0
M,4251b990fdfa955c74cf908de1408217,eti_quality_assessment,5,0.0,0.0,0.0,0.0,0.0,0.0
M,4251b990fdfa955c74cf908de1408217,eti_quality_score,5,1.0,1.0,0.0,1.0,1.0,0.0
M,4251b990fdfa955c74cf908de1408217,eti_relevance,5,1.0,1.0,0.0,1.0,1.0,0.0
M,4251b990fdfa955c74cf908de1408217,eti_variability,5,1.0,1.0,0.0,1.0,1.0,0.0
M,4251b990fdfa955c74cf908de1408217,faithfulness_ragas,5,0.3418292682926829,0.35,0.030204783906703996,0.2926829268292683,0.375,0.008536585365853666
M,4251b990fdfa955c74cf908de1408217,hallucination_deepeval,5,0.0,0.0,0.0,0.0,0.0,0.0
M,44f032fdeb5ca2e150e1292283356e42,answer_relevancy_deepeval,5,1.0,1.0,0.0,1.0,1.0,0.0
M,44f032fdeb5ca2e150e1292283356e42,contextual_precision_deepeval,5,0.47420792430150527,0.4166666666666666,0.08269792377753207,0.4166666666666666,0.596039621507527,0.10833333333333334
M,44f032fdeb5ca2e150e1292283356e42,contextual_recall_deepeval,5,0.9,0.9,0.0,0.9,0.9,0.0
M,44f032fdeb5ca2e150e1292283356e42,eti_clarity,5,1.0,1.0,0.0,1.0,1.0,0.0
M,44f032fdeb5ca2e150e1292283356e42,eti_empathy,4,1.0,1.0,0.0,1.0,1.0,0.0
M,44f032fdeb5ca2e150e1292283356e42,eti_quality_assessment,5,0.0,0.0,0.0,0.0,0.0,0.0
M,44f032fdeb5ca2e150e1292283356e42,eti_quality_score,5,1.0,1.0,0.0,1.0,1.0,0.0
M,44f032fdeb5ca2e150e1292283356e42,eti_relevance,5,1.0,1.0,0.0,1.0,1.0,0.0
M,44f032fdeb5ca2e150e1292283356e42,eti_variability,5,1.0,1.0,0.0,1.0,1.0,0.0
M,44f032fdeb5ca2e150e1292283356e42,faithfulness_ragas,5,0.8187878787878787,0.7954545454545454,0.05630169290905986,0.75,0.8863636363636364,0.07121212121212128
M,44f032fdeb5ca2e150e1292283356e42,hallucination_deepeval,5,0.0,0.0,0.0,0.0,0.0,0.0
M,80301bd14a2776841bc09ce9a646f472,answer_relevancy_deepeval,5,1.0,1.0,0.0,1.0,1.0,0.0
M,80301bd14a2776841bc09ce9a646f472,contextual_precision_deepeval,5,0.5222987480066233,0.4835044291770654,0.08839653873504463,0.4564467587126889,0.67356255842744,0.05379539888655677
M,80301bd14a2776841bc09ce9a646f472,contextual_recall_deepeval,5,0.9242063492063493,0.8888888888888888,0.0700989564374934,0.8571428571428571,1.0,0.125
M,80301bd14a2776841bc09ce9a646f472,eti_clarity,5,1.0,1.0,0.0,1.0,1.0,0.0
M,80301bd14a2776841bc09ce9a646f472,eti_empathy,5,1.0,1.0,0.0,1.0,1.0,0.0
M,80301bd14a2776841bc09ce9a646f472,eti_quality_assessment,5,0.0,0.0,0.0,0.0,0.0,0.0
M,80301bd14a2776841bc09ce9a646f472,eti_quality_score,5,1.0,1.0,0.0,1.0,1.0,0.0
M,80301bd14a2776841bc09ce9a646f472,eti_relevance,5,1.0,1.0,0.0,1.0,1.0,0.0
M,80301bd14a2776841bc09ce9a646f472,eti_variability,5,1.0,1.0,0.0,1.0,1.0,0.0
M,80301bd14a2776841bc09ce9a646f472,faithfulness_ragas,5,0.3961501456924515,0.3829787234042553,0.027961056758605433,0.375,0.4444444444444444,0.01237011380504699
M,80301bd14a2776841bc09ce9a646f472,hallucination_deepeval,5,0.0,0.0,0.0,0.0,0.0,0.0
M,98b42043b9c190a375bfd11ee00e95ad,answer_relevancy_deepeval,5,1.0,1.0,0.0,1.0,1.0,0.0
M,98b42043b9c190a375bfd11ee00e95ad,contextual_precision_deepeval,5,0.23222187618573037,0.1032166675532702,0.29419851658031115,0.0930184857425464,0.7584408925262949,0.0
M,98b42043b9c190a375bfd11ee00e95ad,contextual_recall_deepeval,5,0.4723076923076923,0.4615384615384615,0.05877459042897284,0.4,0.5555555555555556,0.05555555555555558
M,98b42043b9c190a375bfd11ee00e95ad,eti_clarity,4,1.0,1.0,0.0,1.0,1.0,0.0
M,98b42043b9c190a375bfd11ee00e95ad,eti_empathy,5,1.0,1.0,0.0,1.0,1.0,0.0
M,98b42043b9c190a375bfd11ee00e95ad,eti_quality_assessment,5,0.0,0.0,0.0,0.0,0.0,0.0
M,98b42043b9c190a375bfd11ee00e95ad,eti_quality_score,5,0.8,0.75,0.1118033988749895,0.75,1.0,0.0
M,98b42043b9c190a375bfd11ee00e95ad,eti_relevance,5,1.0,1.0,0.0,1.0,1.0,0.0
M,98b42043b9c190a375bfd11ee00e95ad,eti_variability,5,0.2,0.0,0.447213595499958,0.0,1.0,0.0
M,98b42043b9c190a375bfd11ee00e95ad,faithfulness_ragas,5,0.8087956377430062,0.8181818181818182,0.03980278923896754,0.75,0.8484848484848485,0.0483641536273115
M,98b42043b9c190a375bfd11ee00e95ad,hallucination_deepeval,5,0.0,0.0,0.0,0.0,0.0,0.0
M,a3f055026c678d19fdd413e0c76cfd88,answer_relevancy_deepeval,5,1.0,1.0,0.0,1.0,1.0,0.0
M,a3f055026c678d19fdd413e0c76cfd88,contextual_precision_deepeval,5,0.8855965037170261,0.9690229960410864,0.19225110806005735,0.5427599733763103,0.9934057971014492,0.021487271448465517
M,a3f055026c678d19fdd413e0c76cfd88,contextual_recall_deepeval,5,0.9714285714285713,1.0,0.06388765649999402,0.8571428571428571,1.0,0.0
M,a3f055026c678d19fdd413e0c76cfd88,eti_clarity,5,1.0,1.0,0.0,1.0,1.0,0.0
M,a3f055026c678d19fdd413e0c76cfd88,eti_empathy,5,1.0,1.0,0.0,1.0,1.0,0.0
M,a3f055026c678d19fdd413e0c76cfd88,eti_quality_assessment,5,0.0,0.0,0.0,0.0,0.0,0.0
M,a3f055026c678d19fdd413e0c76cfd88,eti_quality_score,5,1.0,1.0,0.0,1.0,1.0,0.0
M,a3f055026c678d19fdd413e0c76cfd88,eti_relevance,5,1.0,1.0,0.0,1.0,1.0,0.0
M,a3f055026c678d19fdd413e0c76cfd88,eti_variability,5,1.0,1.0,0.0,1.0,1.0,0.0
M,a3f055026c678d19fdd413e0c76cfd88,faithfulness_ragas,5,0.7028571428571428,0.6857142857142857,0.059246975295222035,0.6571428571428571,0.8,0.05714285714285716
M,a3f055026c678d19fdd413e0c76cfd88,hallucination_deepeval,5,0.0,0.0,0.0,0.0,0.0,0.0
M,aea63daade6a51d7bfe1b6c828556aa9,answer_relevancy_deepeval,5,1.0,1.0,0.0,1.0,1.0,0.0
M,aea63daade6a51d7bfe1b6c828556aa9,contextual_precision_deepeval,5,0.11385606718290664,0.0917358350868989,0.03406514685731566,0.0917358350868989,0.1690812776737617,0.0332557178931759
M,aea63daade6a51d7bfe1b6c828556aa9,contextual_recall_deepeval,5,0.8666666666666666,0.8888888888888888,0.0929622251704528,0.7777777777777778,1.0,0.11111111111111105
M,aea63daade6a51d7bfe1b6c828556aa9,eti_clarity,5,1.0,1.0,0.0,1.0,1.0,0.0
M,aea63daade6a51d7bfe1b6c828556aa9,eti_empathy,5,1.0,1.0,0.0,1.0,1.0,0.0
M,aea63daade6a51d7bfe1b6c828556aa9,eti_quality_assessment,5,0.0,0.0,0.0,0.0,0.0,0.0
M,aea63daade6a51d7bfe1b6c828556aa9,eti_quality_score,5,1.0,1.0,0.0,1.0,1.0,0.0
M,aea63daade6a51d7bfe1b6c828556aa9,eti_relevance,5,1.0,1.0,0.0,1.0,1.0,0.0
M,aea63daade6a51d7bfe1b6c828556aa9,eti_variability,4,1.0,1.0,0.0,1.0,1.0,0.0
M,aea63daade6a51d7bfe1b6c828556aa9,faithfulness_ragas,5,0.8861904761904762,0.9642857142857144,0.12567730336261543,0.7333333333333333,1.0,0.20000000000000007
M,aea63daade6a51d7bfe1b6c828556aa9,hallucination_deepeval,5,0.0,0.0,0.0,0.0,0.0,0.0
M,d577c2b60cf8dec979dc3e296fedf6d6,answer_relevancy_deepeval,5,1.0,1.0,0.0,1.0,1.0,0.0
M,d577c2b60cf8dec979dc3e296fedf6d6,contextual_precision_deepeval,5,0.8704365155204282,0.8826821427326568,0.01775376043722868,0.8438182672802884,0.8826821427326568,0.022364260608774722
M,d577c2b60cf8dec979dc3e296fedf6d6,contextual_recall_deepeval,5,0.3666666666666666,0.25,0.2801289385661935,0.0833333333333333,0.6666666666666666,0.5
M,d577c2b60cf8dec979dc3e296fedf6d6,eti_clarity,5,1.0,1.0,0.0,1.0,1.0,0.0
M,d577c2b60cf8dec979dc3e296fedf6d6,eti_empathy,5,1.0,1.0,0.0,1.0,1.0,0.0
M,d577c2b60cf8dec979dc3e296fedf6d6,eti_quality_assessment,5,0.0,0.0,0.0,0.0,0.0,0.0
M,d577c2b60cf8dec979dc3e296fedf6d6,eti_quality_score,5,1.0,1.0,0.0,1.0,1.0,0.0
M,d577c2b60cf8dec979dc3e296fedf6d6,eti_relevance,5,1.0,1.0,0.0,1.0,1.0,0.0
M,d577c2b60cf8dec979dc3e296fedf6d6,eti_variability,5,1.0,1.0,0.0,1.0,1.0,0.0
M,d577c2b60cf8dec979dc3e296fedf6d6,faithfulness_ragas,5,0.5604523544679274,0.5833333333333334,0.046238472108190355,0.4838709677419355,0.6,0.031609195402298895
M,d577c2b60cf8dec979dc3e296fedf6d6,hallucination_deepeval,5,0.0,0.0,0.0,0.0,0.0,0.0
M,e937d2706b6b3c4f198bfff09639225b,answer_relevancy_deepeval,5,1.0,1.0,0.0,1.0,1.0,0.0
M,e937d2706b6b3c4f198bfff09639225b,contextual_precision_deepeval,5,0.7252580964130458,0.7407000829655512,0.037029646059242124,0.659104613947468,0.7450856192211074,0.0
M,e937d2706b6b3c4f198bfff09639225b,contextual_recall_deepeval,5,0.8114285714285714,0.8,0.02555506259999755,0.8,0.8571428571428571,0.0
M,e937d2706b6b3c4f198bfff09639225b,eti_clarity,5,1.0,1.0,0.0,1.0,1.0,0.0
M,e937d2706b6b3c4f198bfff09639225b,eti_empathy,5,1.0,1.0,0.0,1.0,1.0,0.0
M,e937d2706b6b3c4f198bfff09639225b,eti_quality_assessment,5,0.0,0.0,0.0,0.0,0.0,0.0
M,e937d2706b6b3c4f198bfff09639225b,eti_quality_score,5,0.95,1.0,0.1118033988749895,0.75,1.0,0.0
M,e937d2706b6b3c4f198bfff09639225b,eti_relevance,5,1.0,1.0,0.0,1.0,1.0,0.0
M,e937d2706b6b3c4f198bfff09639225b,eti_variability,5,0.8,1.0,0.4472135954999579,0.0,1.0,0.0
M,e937d2706b6b3c4f198bfff09639225b,faithfulness_ragas,5,0.7315097073312083,0.7,0.09392396356839415,0.6176470588235294,0.8571428571428571,0.10344827586206895
M,e937d2706b6b3c4f198bfff09639225b,hallucination_deepeval,5,0.0,0.0,0.0,0.0,0.0,0.0
P,019ffc81bec15ce2cc74b559496dbf3e,answer_relevancy_deepeval,5,1.0,1.0,0.0,1.0,1.0,0.0
P,019ffc81bec15ce2cc74b559496dbf3e,contextual_precision_deepeval,5,0.06593406593406588,0.1098901098901098,0.060189292033534694,0.0,0.1098901098901098,0.1098901098901098
P,019ffc81bec15ce2cc74b559496dbf3e,contextual_recall_deepeval,5,0.0,0.0,0.0,0.0,0.0,0.0
P,019ffc81bec15ce2cc74b559496dbf3e,contextual_relevancy_deepeval,5,0.25730661053689385,0.2564102564102564,0.02345133591597495,0.2266666666666666,0.2894736842105263,0.021228822208613968
P,019ffc81bec15ce2cc74b559496dbf3e,custom_faithfulness,4,0.75,0.75,0.0,0.75,0.75,0.0
P,019ffc81bec15ce2cc74b559496dbf3e,eti_clarity,4,1.0,1.0,0.0,1.0,1.0,0.0
P,019ffc81bec15ce2cc74b559496dbf3e,eti_empathy,4,1.0,1.0,0.0,1.0,1.0,0.0
P,019ffc81bec15ce2cc74b559496dbf3e,eti_quality_assessment,4,0.0,0.0,0.0,0.0,0.0,0.0
P,019ffc81bec15ce2cc74b559496dbf3e,eti_quality_score,4,1.0,1.0,0.0,1.0,1.0,0.0
P,019ffc81bec15ce2cc74b559496dbf3e,eti_relevance,4,1.0,1.0,0.0,1.0,1.0,0.0
P,019ffc81bec15ce2cc74b559496dbf3e,eti_variability,4,1.0,1.0,0.0,1.0,1.0,0.0
P,019ffc81bec15ce2cc74b559496dbf3e,faithfulness_ragas,4,0.9107142857142857,1.0,0.17857142857142855,0.6428571428571429,1.0,0.0892857142857143
P,019ffc81bec15ce2cc74b559496dbf3e,hallucination_deepeval,5,0.0625,0.0625,0.0,0.0625,0.0625,0.0
P,0f412e21778ac3b3e4de14a81de472e1,answer_relevancy_deepeval,5,1.0,1.0,0.0,1.0,1.0,0.0
P,0f412e21778ac3b3e4de14a81de472e1,contextual_precision_deepeval,5,0.0,0.0,0.0,0.0,0.0,0.0
P,0f412e21778ac3b3e4de14a81de472e1,contextual_recall_deepeval,5,0.02222222222222222,0.0,0.04969039949999532,0.0,0.1111111111111111,0.0
P,0f412e21778ac3b3e4de14a81de472e1,contextual_relevancy_deepeval,5,0.38902897247263024,0.4821428571428571,0.21799798148166072,0.0,0.5084745762711864,0.021943159286186398
P,0f412e21778ac3b3e4de14a81de472e1,custom_faithfulness,4,0.48750000000000004,0.65,0.325,0.0,0.65,0.16249999999999998
P,0f412e21778ac3b3e4de14a81de472e1,eti_clarity,4,1.0,1.0,0.0,1.0,1.0,0.0
P,0f412e21778ac3b3e4de14a81de472e1,eti_empathy,4,1.0,1.0,0.0,1.0,1.0,0.0
P,0f412e21778ac3b3e4de14a81de472e1,eti_quality_assessment,3,0.0,0.0,0.0,0.0,0.0,0.0
P,0f412e21778ac3b3e4de14a81de472e1,eti_quality_score,4,1.0,1.0,0.0,1.0,1.0,0.0
P,0f412e21778ac3b3e4de14a81de472e1,eti_relevance,4,1.0,1.0,0.0,1.0,1.0,0.0
P,0f412e21778ac3b3e4de14a81de472e1,eti_variability,3,1.0,1.0,0.0,1.0,1.0,0.0
P,0f412e21778ac3b3e4de14a81de472e1,faithfulness_ragas,4,0.6936758893280632,0.9090909090909092,0.46299079964662543,0.0,0.9565217391304348,0.23913043478260865
P,0f412e21778ac3b3e4de14a81de472e1,hallucination_deepeval,5,0.0,0.0,0.0,0.0,0.0,0.0
P,4251b990fdfa955c74cf908de1408217,answer_relevancy_deepeval,4,1.0,1.0,0.0,1.0,1.0,0.0
P,4251b990fdfa955c74cf908de1408217,contextual_precision_deepeval,4,0.8693614902254609,0.8693614902254609,0.0,0.8693614902254609,0.8693614902254609,0.0
P,4251b990fdfa955c74cf908de1408217,contextual_recall_deepeval,4,0.39583333333333337,0.4166666666666667,0.041666666666666685,0.3333333333333333,0.4166666666666667,0.020833333333333315
P,4251b990fdfa955c74cf908de1408217,contextual_relevancy_deepeval,4,0.942637858131743,0.9467787114845938,0.015237305165029113,0.9216867469879518,0.9553072625698324,0.016808490240008078
P,4251b990fdfa955c74cf908de1408217,custom_faithfulness,3,0.85,0.85,0.0,0.85,0.85,0.0
P,4251b990fdfa955c74cf908de1408217,eti_clarity,4,1.0,1.0,0.0,1.0,1.0,0.0
P,4251b990fdfa955c74cf908de1408217,eti_empathy,4,1.0,1.0,0.0,1.0,1.0,0.0
P,4251b990fdfa955c74cf908de1408217,eti_quality_assessment,4,0.0,0.0,0.0,0.0,0.0,0.0
P,4251b990fdfa955c74cf908de1408217,eti_quality_score,4,1.0,1.0,0.0,1.0,1.0,0.0
P,4251b990fdfa955c74cf908de1408217,eti_relevance,4,1.0,1.0,0.0,1.0,1.0,0.0
P,4251b990fdfa955c74cf908de1408217,eti_variability,4,1.0,1.0,0.0,1.0,1.0,0.0
P,4251b990fdfa955c74cf908de1408217,faithfulness_ragas,3,0.7543290043290044,0.75,0.029460297811290493,0.7272727272727273,0.7857142857142857,0.029220779220779147
P,4251b990fdfa955c74cf908de1408217,hallucination_deepeval,5,0.0,0.0,0.0,0.0,0.0,0.0
P,44f032fdeb5ca2e150e1292283356e42,answer_relevancy_deepeval,5,1.0,1.0,0.0,1.0,1.0,0.0
P,44f032fdeb5ca2e150e1292283356e42,contextual_precision_deepeval,4,0.6463804233121717,0.643321245676725,0.3100244180810063,0.3543888302143024,0.9444903716809344,0.5059564517427083
P,44f032fdeb5ca2e150e1292283356e42,contextual_recall_deepeval,5,1.0,1.0,0.0,1.0,1.0,0.0
P,44f032fdeb5ca2e150e1292283356e42,contextual_relevancy_deepeval,5,0.5888397707894771,0.584958217270195,0.006210465775563414,0.5844875346260388,0.5988857938718662,0.005950873638895904
P,44f032fdeb5ca2e150e1292283356e42,custom_faithfulness,4,0.75,0.75,0.0,0.75,0.75,0.0
P,44f032fdeb5ca2e150e1292283356e42,eti_clarity,4,1.0,1.0,0.0,1.0,1.0,0.0
P,44f032fdeb5ca2e150e1292283356e42,eti_empathy,4,1.0,1.0,0.0,1.0,1.0,0.0
P,44f032fdeb5ca2e150e1292283356e42,eti_quality_assessment,4,0.0,0.0,0.0,0.0,0.0,0.0
P,44f032fdeb5ca2e150e1292283356e42,eti_quality_score,3,1.0,1.0,0.0,1.0,1.0,0.0
P,44f032fdeb5ca2e150e1292283356e42,eti_relevance,4,1.0,1.0,0.0,1.0,1.0,0.0
P,44f032fdeb5ca2e150e1292283356e42,eti_variability,4,1.0,1.0,0.0,1.0,1.0,0.0
P,44f032fdeb5ca2e150e1292283356e42,faithfulness_ragas,4,0.8846774193548387,0.8833333333333333,0.04098617634337973,0.8387096774193549,0.9333333333333332,0.04865591397849456
P,44f032fdeb5ca2e150e1292283356e42,hallucination_deepeval,5,0.0,0.0,0.0,0.0,0.0,0.0
P,80301bd14a2776841bc09ce9a646f472,answer_relevancy_deepeval,5,1.0,1.0,0.0,1.0,1.0,0.0
P,80301bd14a2776841bc09ce9a646f472,contextual_precision_deepeval,5,0.8503501486827391,0.8548156478195637,0.011795304661300523,0.8380750654239312,0.8644866181641636,0.01822328115817462
P,80301bd14a2776841bc09ce9a646f472,contextual_recall_deepeval,5,0.9714285714285715,1.0,0.06388765649999398,0.8571428571428571,1.0,0.0
P,80301bd14a2776841bc09ce9a646f472,contextual_relevancy_deepeval,5,0.6630137402136145,0.6622073578595318,0.007065384077243037,0.6542372881355932,0.6732673267326733,0.0057690994742950474
P,80301bd14a2776841bc09ce9a646f472,custom_faithfulness,4,0.85,0.85,0.0,0.85,0.85,0.0
P,80301bd14a2776841bc09ce9a646f472,eti_clarity,4,1.0,1.0,0.0,1.0,1.0,0.0
P,80301bd14a2776841bc09ce9a646f472,eti_empathy,4,1.0,1.0,0.0,1.0,1.0,0.0
P,80301bd14a2776841bc09ce9a646f472,eti_quality_assessment,4,0.0,0.0,0.0,0.0,0.0,0.0
P,80301bd14a2776841bc09ce9a646f472,eti_quality_score,4,1.0,1.0,0.0,1.0,1.0,0.0
P,80301bd14a2776841bc09ce9a646f472,eti_relevance,4,1.0,1.0,0.0,1.0,1.0,0.0
P,80301bd14a2776841bc09ce9a646f472,eti_variability,4,1.0,1.0,0.0,1.0,1.0,0.0
P,80301bd14a2776841bc09ce9a646f472,faithfulness_ragas,4,0.5166666666666666,0.5,0.03333333333333334,0.5,0.5666666666666667,0.016666666666666607
P,80301bd14a2776841bc09ce9a646f472,hallucination_deepeval,5,0.0,0.0,0.0,0.0,0.0,0.0
P,98b42043b9c190a375bfd11ee00e95ad,answer_relevancy_deepeval,5,1.0,1.0,0.0,1.0,1.0,0.0
P,98b42043b9c190a375bfd11ee00e95ad,contextual_precision_deepeval,5,0.6444163060224287,0.8884245923191363,0.38943762090149875,0.0,0.8959132312157798,0.3391054780610452
P,98b42043b9c190a375bfd11ee00e95ad,contextual_recall_deepeval,5,0.1333333333333333,0.1666666666666666,0.13944333775567924,0.0,0.3333333333333333,0.1666666666666666
P,98b42043b9c190a375bfd11ee00e95ad,contextual_relevancy_deepeval,5,0.7721314146060954,0.9647302904564315,0.4316375407522231,0.0,0.9666666666666668,0.003794277398061152
P,98b42043b9c190a375bfd11ee00e95ad,custom_faithfulness,3,0.65,0.65,0.0,0.65,0.65,0.0
P,98b42043b9c190a375bfd11ee00e95ad,eti_clarity,4,1.0,1.0,0.0,1.0,1.0,0.0
P,98b42043b9c190a375bfd11ee00e95ad,eti_empathy,4,1.0,1.0,0.0,1.0,1.0,0.0
P,98b42043b9c190a375bfd11ee00e95ad,eti_quality_assessment,4,0.0,0.0,0.0,0.0,0.0,0.0
P,98b42043b9c190a375bfd11ee00e95ad,eti_quality_score,4,1.0,1.0,0.0,1.0,1.0,0.0
P,98b42043b9c190a375bfd11ee00e95ad,eti_relevance,4,1.0,1.0,0.0,1.0,1.0,0.0
P,98b42043b9c190a375bfd11ee00e95ad,eti_variability,4,1.0,1.0,0.0,1.0,1.0,0.0
P,98b42043b9c190a375bfd11ee00e95ad,faithfulness_ragas,4,0.6590909090909092,0.8636363636363638,0.4414788571010142,0.0,0.9090909090909092,0.2954545454545455
P,98b42043b9c190a375bfd11ee00e95ad,hallucination_deepeval,5,0.0,0.0,0.0,0.0,0.0,0.0
P,a3f055026c678d19fdd413e0c76cfd88,answer_relevancy_deepeval,5,1.0,1.0,0.0,1.0,1.0,0.0
P,a3f055026c678d19fdd413e0c76cfd88,contextual_precision_deepeval,5,0.8867884464385444,0.9502952065351862,0.1409877286358469,0.6481008846226237,1.0,0.08681414679138644
P,a3f055026c678d19fdd413e0c76cfd88,contextual_recall_deepeval,5,1.0,1.0,0.0,1.0,1.0,0.0
P,a3f055026c678d19fdd413e0c76cfd88,contextual_relevancy_deepeval,4,0.9366440543461517,0.9352989475503786,0.006932229023732724,0.9299820466786356,0.9459962756052142,0.007132483972375092
P,a3f055026c678d19fdd413e0c76cfd88,custom_faithfulness,4,0.85,0.85,0.0,0.85,0.85,0.0
P,a3f055026c678d19fdd413e0c76cfd88,eti_clarity,4,1.0,1.0,0.0,1.0,1.0,0.0
P,a3f055026c678d19fdd413e0c76cfd88,eti_empathy,4,1.0,1.0,0.0,1.0,1.0,0.0
P,a3f055026c678d19fdd413e0c76cfd88,eti_quality_assessment,4,0.0,0.0,0.0,0.0,0.0,0.0
P,a3f055026c678d19fdd413e0c76cfd88,eti_quality_score,4,1.0,1.0,0.0,1.0,1.0,0.0
P,a3f055026c678d19fdd413e0c76cfd88,eti_relevance,4,1.0,1.0,0.0,1.0,1.0,0.0
P,a3f055026c678d19fdd413e0c76cfd88,eti_variability,4,1.0,1.0,0.0,1.0,1.0,0.0
P,a3f055026c678d19fdd413e0c76cfd88,faithfulness_ragas,4,0.903846153846154,0.9230769230769232,0.09679274917013786,0.7692307692307693,1.0,0.0576923076923076
P,a3f055026c678d19fdd413e0c76cfd88,hallucination_deepeval,5,0.0,0.0,0.0,0.0,0.0,0.0
P,aea63daade6a51d7bfe1b6c828556aa9,answer_relevancy_deepeval,5,1.0,1.0,0.0,1.0,1.0,0.0
P,aea63daade6a51d7bfe1b6c828556aa9,contextual_precision_deepeval,5,0.09913029563225531,0.0917358350868989,0.01454618112797761,0.0917358350868989,0.1249915529800748,0.003716584833606096
P,aea63daade6a51d7bfe1b6c828556aa9,contextual_recall_deepeval,5,0.7952380952380953,0.7142857142857143,0.12553739358537205,0.7142857142857143,1.0,0.11904761904761907
P,aea63daade6a51d7bfe1b6c828556aa9,contextual_relevancy_deepeval,5,0.4700876371355556,0.463302752293578,0.017465501147670447,0.4502369668246445,0.490566037735849,0.026144635396476712
P,aea63daade6a51d7bfe1b6c828556aa9,custom_faithfulness,4,0.85,0.85,0.0,0.85,0.85,0.0
P,aea63daade6a51d7bfe1b6c828556aa9,eti_clarity,4,1.0,1.0,0.0,1.0,1.0,0.0
P,aea63daade6a51d7bfe1b6c828556aa9,eti_empathy,4,1.0,1.0,0.0,1.0,1.0,0.0
P,aea63daade6a51d7bfe1b6c828556aa9,eti_quality_assessment,4,0.0,0.0,0.0,0.0,0.0,0.0
P,aea63daade6a51d7bfe1b6c828556aa9,eti_quality_score,4,1.0,1.0,0.0,1.0,1.0,0.0
P,aea63daade6a51d7bfe1b6c828556aa9,eti_relevance,4,1.0,1.0,0.0,1.0,1.0,0.0
P,aea63daade6a51d7bfe1b6c828556aa9,eti_variability,4,1.0,1.0,0.0,1.0,1.0,0.0
P,aea63daade6a51d7bfe1b6c828556aa9,faithfulness_ragas,4,0.9017857142857143,0.9642857142857143,0.15257149545209875,0.6785714285714286,1.0,0.1339285714285714
P,aea63daade6a51d7bfe1b6c828556aa9,hallucination_deepeval,5,0.0,0.0,0.0,0.0,0.0,0.0
P,d577c2b60cf8dec979dc3e296fedf6d6,answer_relevancy_deepeval,5,1.0,1.0,0.0,1.0,1.0,0.0
P,d577c2b60cf8dec979dc3e296fedf6d6,contextual_precision_deepeval,5,0.6202549839237317,0.663696058658323,0.13116373160785985,0.4000479213617032,0.7477441881266269,0.04404140530055334
P,d577c2b60cf8dec979dc3e296fedf6d6,contextual_recall_deepeval,5,1.0,1.0,0.0,1.0,1.0,0.0
P,d577c2b60cf8dec979dc3e296fedf6d6,contextual_relevancy_deepeval,5,0.7589384235208023,0.7598870056497176,0.007671917798120326,0.7471910112359551,0.7661971830985915,0.008669042265639582
P,d577c2b60cf8dec979dc3e296fedf6d6,custom_faithfulness,4,0.85,0.85,0.0,0.85,0.85,0.0
P,d577c2b60cf8dec979dc3e296fedf6d6,eti_clarity,4,1.0,1.0,0.0,1.0,1.0,0.0
P,d577c2b60cf8dec979dc3e296fedf6d6,eti_empathy,4,1.0,1.0,0.0,1.0,1.0,0.0
P,d577c2b60cf8dec979dc3e296fedf6d6,eti_quality_assessment,4,0.0,0.0,0.0,0.0,0.0,0.0
P,d577c2b60cf8dec979dc3e296fedf6d6,eti_quality_score,4,1.0,1.0,0.0,1.0,1.0,0.0
P,d577c2b60cf8dec979dc3e296fedf6d6,eti_relevance,4,1.0,1.0,0.0,1.0,1.0,0.0
P,d577c2b60cf8dec979dc3e296fedf6d6,eti_variability,4,1.0,1.0,0.0,1.0,1.0,0.0
P,d577c2b60cf8dec979dc3e296fedf6d6,faithfulness_ragas,4,0.6363636363636364,0.6136363636363636,0.0642824346533225,0.5909090909090909,0.7272727272727273,0.06818181818181812
P,d577c2b60cf8dec979dc3e296fedf6d6,hallucination_deepeval,5,0.0,0.0,0.0,0.0,0.0,0.0
P,e937d2706b6b3c4f198bfff09639225b,answer_relevancy_deepeval,4,1.0,1.0,0.0,1.0,1.0,0.0
P,e937d2706b6b3c4f198bfff09639225b,contextual_precision_deepeval,4,0.7600859854210907,0.7688758865462307,0.027098872286320245,0.7209523220437073,0.7816398465481943,0.022857780362183888
P,e937d2706b6b3c4f198bfff09639225b,contextual_recall_deepeval,4,0.9166666666666667,0.9166666666666667,0.0962250448649376,0.8333333333333334,1.0,0.16666666666666663
P,e937d2706b6b3c4f198bfff09639225b,contextual_relevancy_deepeval,4,0.6559523825621789,0.6442687747035574,0.033713511144755265,0.6306306306306306,0.7046413502109705,0.030360387404966493
P,e937d2706b6b3c4f198bfff09639225b,custom_faithfulness,3,0.75,0.75,0.0,0.75,0.75,0.0
P,e937d2706b6b3c4f198bfff09639225b,eti_clarity,4,1.0,1.0,0.0,1.0,1.0,0.0
P,e937d2706b6b3c4f198bfff09639225b,eti_empathy,3,1.0,1.0,0.0,1.0,1.0,0.0
P,e937d2706b6b3c4f198bfff09639225b,eti_quality_assessment,4,0.0,0.0,0.0,0.0,0.0,0.0
P,e937d2706b6b3c4f198bfff09639225b,eti_quality_score,4,1.0,1.0,0.0,1.0,1.0,0.0
P,e937d2706b6b3c4f198bfff09639225b,eti_relevance,4,1.0,1.0,0.0,1.0,1.0,0.0
P,e937d2706b6b3c4f198bfff09639225b,eti_variability,4,1.0,1.0,0.0,1.0,1.0,0.0
P,e937d2706b6b3c4f198bfff09639225b,faithfulness_ragas,4,0.8511904761904762,0.8452380952380952,0.11724830716423938,0.7142857142857143,1.0,0.08928571428571419
P,e937d2706b6b3c4f198bfff09639225b,hallucination_deepeval,4,0.0,0.0,0.0,0.0,0.0,0.0
